alert_constraint_fallback,alert_count,dataset,engine_count,f1,fn,fnr,fp,fpr,high_risk_count,high_risk_threshold,isolation_weight,normal_count,pr_auc,precision,recall,roc_auc,scope,selected,tn,tp,watchlist_count,watchlist_threshold,z_weight
,6,FD002,39,0.14285714285714288,7,0.875,5,0.16129032258064516,2,0.9692307692307692,1.0,33,0.17455375887361183,0.16666666666666666,0.125,0.3629032258064516,VALIDATION,,26,1,4,0.939010989010989,0.0
,6,FD002,39,0.14285714285714288,7,0.875,5,0.16129032258064516,2,0.9586813186813188,0.9,33,0.172922530696331,0.16666666666666666,0.125,0.342741935483871,VALIDATION,,26,1,4,0.9344505494505494,0.1
,7,FD002,39,0.13333333333333333,7,0.875,6,0.1935483870967742,2,0.9510989010989012,0.8,32,0.16758390002875295,0.14285714285714285,0.125,0.3286290322580645,VALIDATION,,25,1,5,0.932967032967033,0.2
,6,FD002,39,,8,1.0,6,0.1935483870967742,2,0.9469780219780219,0.7,33,0.16412536932837446,0.0,0.0,0.31451612903225806,VALIDATION,,25,0,4,0.925989010989011,0.3
,6,FD002,39,,8,1.0,6,0.1935483870967742,2,0.9428571428571428,0.6,33,0.16312150008270698,0.0,0.0,0.31451612903225806,VALIDATION,,25,0,4,0.9184615384615384,0.4
,6,FD002,39,,8,1.0,6,0.1935483870967742,2,0.9412087912087912,0.5,33,0.16146559316364217,0.0,0.0,0.3064516129032258,VALIDATION,,25,0,4,0.9082417582417582,0.5
,6,FD002,39,,8,1.0,6,0.1935483870967742,2,0.9425274725274725,0.4,33,0.16479121491031654,0.0,0.0,0.31048387096774194,VALIDATION,,25,0,4,0.8987912087912088,0.6
,6,FD002,39,,8,1.0,6,0.1935483870967742,2,0.9429670329670331,0.30000000000000004,33,0.16616484128394293,0.0,0.0,0.3185483870967742,VALIDATION,,25,0,4,0.8909340659340659,0.7
,6,FD002,39,,8,1.0,6,0.1935483870967742,2,0.9372527472527473,0.19999999999999996,33,0.17260306701096173,0.0,0.0,0.3266129032258065,VALIDATION,,25,0,4,0.8897802197802196,0.8
,6,FD002,39,,8,1.0,6,0.1935483870967742,2,0.933021978021978,0.09999999999999998,33,0.17752411709330215,0.0,0.0,0.32661290322580644,VALIDATION,,25,0,4,0.8901098901098901,0.9
,6,FD002,39,0.14285714285714288,7,0.875,5,0.16129032258064516,3,0.9505494505494505,0.0,33,0.1791291605275444,0.16666666666666666,0.125,0.3286290322580645,VALIDATION,,26,1,3,0.9098901098901099,1.0
,4,FD003,15,0.2,5,0.8333333333333334,3,0.3333333333333333,1,0.9042857142857142,1.0,11,0.34393939393939393,0.25,0.16666666666666666,0.3333333333333333,VALIDATION,,6,1,3,0.8428571428571429,0.0
,3,FD003,15,,6,1.0,3,0.3333333333333333,1,0.903,0.9,12,0.34393939393939393,0.0,0.0,0.32407407407407407,VALIDATION,,6,0,2,0.8338571428571429,0.1
,3,FD003,15,,6,1.0,3,0.3333333333333333,1,0.9017142857142857,0.8,12,0.34393939393939393,0.0,0.0,0.32407407407407407,VALIDATION,,6,0,2,0.824857142857143,0.2
,3,FD003,15,,6,1.0,3,0.3333333333333333,1,0.9004285714285714,0.7,12,0.34393939393939393,0.0,0.0,0.32407407407407407,VALIDATION,,6,0,2,0.8158571428571428,0.3
,3,FD003,15,,6,1.0,3,0.3333333333333333,1,0.8991428571428571,0.6,12,0.34393939393939393,0.0,0.0,0.32407407407407407,VALIDATION,,6,0,2,0.8068571428571428,0.4
,3,FD003,15,,6,1.0,3,0.3333333333333333,1,0.8978571428571428,0.5,12,0.35454545454545455,0.0,0.0,0.32407407407407407,VALIDATION,,6,0,2,0.7978571428571429,0.5
,3,FD003,15,,6,1.0,3,0.3333333333333333,1,0.8965714285714286,0.4,12,0.34393939393939393,0.0,0.0,0.32407407407407407,VALIDATION,,6,0,2,0.7888571428571428,0.6
,3,FD003,15,,6,1.0,3,0.3333333333333333,1,0.8952857142857142,0.30000000000000004,12,0.336002886002886,0.0,0.0,0.3055555555555556,VALIDATION,,6,0,2,0.7798571428571428,0.7
,3,FD003,15,,6,1.0,3,0.3333333333333333,1,0.8939999999999999,0.19999999999999996,12,0.35873015873015873,0.0,0.0,0.34259259259259256,VALIDATION,,6,0,2,0.7708571428571428,0.8
,3,FD003,15,,6,1.0,3,0.3333333333333333,1,0.8927142857142856,0.09999999999999998,12,0.347979797979798,0.0,0.0,0.3425925925925926,VALIDATION,,6,0,2,0.7618571428571429,0.9
,3,FD003,15,,6,1.0,3,0.3333333333333333,1,0.8914285714285712,0.0,12,0.3779040404040404,0.0,0.0,0.41666666666666674,VALIDATION,,6,0,2,0.7528571428571429,1.0
,6,FD004,37,0.13333333333333333,8,0.8888888888888888,5,0.17857142857142858,3,0.8908045977011494,1.0,31,0.2513206674529713,0.16666666666666666,0.1111111111111111,0.4484126984126984,VALIDATION,,23,1,3,0.8425287356321838,0.0
,6,FD004,37,0.13333333333333333,8,0.8888888888888888,5,0.17857142857142858,2,0.8763218390804598,0.9,31,0.24552285765796655,0.16666666666666666,0.1111111111111111,0.46825396825396826,VALIDATION,,23,1,4,0.8093103448275862,0.1
,6,FD004,37,0.26666666666666666,7,0.7777777777777778,4,0.14285714285714285,2,0.8618390804597702,0.8,31,0.26783824765675945,0.3333333333333333,0.2222222222222222,0.4920634920634921,VALIDATION,,24,2,4,0.7790804597701149,0.2
,6,FD004,37,0.26666666666666666,7,0.7777777777777778,4,0.14285714285714285,2,0.8532183908045976,0.7,31,0.2886503542297356,0.3333333333333333,0.2222222222222222,0.503968253968254,VALIDATION,,24,2,4,0.7847126436781607,0.3
,6,FD004,37,0.26666666666666666,7,0.7777777777777778,4,0.14285714285714285,3,0.8482758620689655,0.6,31,0.2805845389178723,0.3333333333333333,0.2222222222222222,0.5337301587301587,VALIDATION,,24,2,3,0.7981609195402298,0.4
,6,FD004,37,0.26666666666666666,7,0.7777777777777778,4,0.14285714285714285,2,0.8373563218390805,0.5,31,0.3469487339390004,0.3333333333333333,0.2222222222222222,0.5773809523809523,VALIDATION,,24,2,4,0.8034482758620689,0.5
,6,FD004,37,0.26666666666666666,7,0.7777777777777778,4,0.14285714285714285,2,0.8388505747126437,0.4,31,0.3516886337975793,0.3333333333333333,0.2222222222222222,0.5873015873015873,VALIDATION,,24,2,4,0.8032183908045977,0.6
,6,FD004,37,0.26666666666666666,7,0.7777777777777778,4,0.14285714285714285,2,0.8368965517241378,0.30000000000000004,31,0.3720594220594221,0.3333333333333333,0.2222222222222222,0.6349206349206349,VALIDATION,,24,2,4,0.7958620689655171,0.7
,6,FD004,37,0.26666666666666666,7,0.7777777777777778,4,0.14285714285714285,2,0.8524137931034481,0.19999999999999996,31,0.3536593680071941,0.3333333333333333,0.2222222222222222,0.6507936507936508,VALIDATION,,24,2,4,0.8039080459770114,0.8
,6,FD004,37,0.26666666666666666,7,0.7777777777777778,4,0.14285714285714285,2,0.8716091954022988,0.09999999999999998,31,0.3581839402427638,0.3333333333333333,0.2222222222222222,0.6587301587301587,VALIDATION,,24,2,4,0.810919540229885,0.9
,6,FD004,37,0.26666666666666666,7,0.7777777777777778,4,0.14285714285714285,2,0.8954022988505747,0.0,31,0.356005291005291,0.3333333333333333,0.2222222222222222,0.6706349206349206,VALIDATION,,24,2,4,0.8137931034482758,1.0
False,3,FD002,39,0.16666666666666666,8,0.8888888888888888,2,0.06666666666666667,1,0.9692307692307692,1.0,36,0.21317859986590637,0.3333333333333333,0.1111111111111111,0.3740740740740741,INTERNAL_HOLDOUT_LOCKED,True,28,1,2,0.939010989010989,0.0
False,23,FD002,253,0.18181818181818182,37,0.8604651162790697,17,0.08095238095238096,2,0.9692307692307692,1.0,230,0.2102779325200901,0.2608695652173913,0.13953488372093023,0.5328349944629015,OFFICIAL_TEST_LOCKED,True,193,6,21,0.939010989010989,0.0
False,1,FD003,15,,3,1.0,1,0.08333333333333333,1,0.9042857142857142,1.0,14,0.2297979797979798,0.0,0.0,0.4722222222222222,INTERNAL_HOLDOUT_LOCKED,True,11,0,0,0.8428571428571429,0.0
False,16,FD003,100,0.1081081081081081,19,0.9047619047619048,14,0.17721518987341772,9,0.9042857142857142,1.0,84,0.1944841981495508,0.125,0.09523809523809523,0.4632308619650392,OFFICIAL_TEST_LOCKED,True,65,2,7,0.8428571428571429,0.0
False,10,FD004,38,0.20000000000000004,8,0.8,8,0.2857142857142857,6,0.8618390804597702,0.8,28,0.22515834015834016,0.2,0.2,0.3642857142857143,INTERNAL_HOLDOUT_LOCKED,True,20,2,4,0.7790804597701149,0.2
False,70,FD004,237,0.25,35,0.7,55,0.29411764705882354,35,0.8618390804597702,0.8,167,0.2481223698990604,0.21428571428571427,0.3,0.508288770053476,OFFICIAL_TEST_LOCKED,True,132,15,35,0.7790804597701149,0.2
